{"cameraMode":{"drawMode":0,"name":"Shaded","section":"Shading Mode"},"sceneLighting":true,"audioPlay":false,"sceneViewState":{"m_AlwaysRefresh":false,"showFog":true,"showSkybox":true,"showFlares":true,"showImageEffects":true,"showParticleSystems":true,"showVisualEffectGraphs":true,"m_FxEnabled":true},"in2DMode":false,"pivot":{"x":6.2288618087768559,"y":2.2355713844299318,"z":-10.313060760498047},"rotation":{"x":-0.21750591695308686,"y":0.02107788622379303,"z":-0.0046984246000647549,"w":-0.975823700428009},"size":3.075544595718384,"orthographic":false}